code,sector
000001,金融行业
000002,房地产
000003,其它行业
000004,生物制药
000005,房地产
000006,房地产
000007,酒店旅游
000008,综合行业
000009,房地产
000010,建筑建材
000011,房地产
000012,玻璃行业
000013,其它行业
000014,房地产
000015,其它行业
000016,家电行业
000018,纺织行业
000019,食品行业
000020,电子器件
000021,电子信息
000022,交通运输
000023,建筑建材
000024,房地产
000025,汽车制造
000026,商业百货
000027,电力行业
000028,商业百货
000029,房地产
000030,汽车制造
000031,房地产
000032,电子信息
000034,煤炭行业
000035,电子信息
000036,房地产
000037,电力行业
000038,房地产
000039,机械行业
000040,房地产
000042,房地产
000045,纺织行业
000046,房地产
000047,其它行业
000048,农林牧渔
000049,电器行业
000050,电子器件
000055,建筑建材
000056,房地产
000058,电子器件
000059,石油行业
000060,有色金属
000061,农林牧渔
000062,商业百货
000063,电子信息
000065,建筑建材
000066,电子信息
000068,电子器件
000069,酒店旅游
000070,电子信息
000078,生物制药
000088,交通运输
000089,交通运输
000090,建筑建材
000096,石油行业
000099,交通运输
000100,家电行业
000150,医疗器械
000151,物资外贸
000153,生物制药
000155,农药化肥
000156,传媒娱乐
000157,机械行业
000158,纺织行业
000159,石油行业
000166,金融行业
000301,综合行业
000333,家电行业
000338,汽车制造
000400,发电设备
000401,水泥行业
000402,房地产
000403,生物制药
000404,机械行业
000405,其它行业
000407,塑料制品
000408,商业百货
000409,钢铁行业
000410,机械行业
000411,商业百货
000413,电子器件
000415,金融行业
000416,商业百货
000417,商业百货
000418,家电行业
000419,商业百货
000420,化纤行业
000421,交通运输
000422,农药化肥
000423,生物制药
000425,机械行业
000426,有色金属
000428,酒店旅游
000429,公路桥梁
000430,酒店旅游
000488,造纸行业
000498,建筑建材
000501,商业百货
000502,房地产
000503,电子信息
000504,传媒娱乐
000505,房地产
000506,房地产
000507,交通运输
000509,建筑建材
000510,化工行业
000511,其它行业
000513,生物制药
000514,房地产
000516,商业百货
000517,房地产
000518,生物制药
000519,机械行业
000520,交通运输
000521,家电行业
000522,生物制药
000523,化工行业
000524,酒店旅游
000525,农药化肥
000526,房地产
000527,家电行业
000528,机械行业
000529,食品行业
000530,机械行业
000531,电力行业
000532,电子信息
000533,家电行业
000534,房地产
000536,电子器件
000537,房地产
000538,生物制药
000539,电力行业
000540,房地产
000541,家电行业
000543,电力行业
000544,环保行业
000545,化工行业
000546,水泥行业
000547,电子信息
000548,公路桥梁
000550,汽车制造
000551,机械行业
000552,煤炭行业
000553,农药化肥
000554,石油行业
000555,电子信息
000556,其它行业
000557,酿酒行业
000558,房地产
000559,汽车制造
000560,商业百货
000561,电子信息
000562,金融行业
000563,金融行业
000564,商业百货
000565,化工行业
000566,生物制药
000567,房地产
000568,酿酒行业
000570,机械行业
000571,煤炭行业
000572,汽车制造
000573,房地产
000576,综合行业
000578,农药化肥
000581,汽车制造
000582,交通运输
000583,其它行业
000584,化纤行业
000585,发电设备
000586,电子信息
000587,有色金属
000589,汽车制造
000590,生物制药
000591,商业百货
000592,农林牧渔
000593,供水供气
000594,交通运输
000595,机械行业
000596,酿酒行业
000597,生物制药
000598,环保行业
000599,汽车制造
000600,电力行业
000601,电力行业
000602,有色金属
000603,有色金属
000605,供水供气
000606,生物制药
000607,传媒娱乐
000608,房地产
000609,房地产
000610,酒店旅游
000611,纺织行业
000612,有色金属
000613,酒店旅游
000615,化纤行业
000616,房地产
000617,机械行业
000619,建筑建材
000620,房地产
000622,汽车制造
000623,生物制药
000625,汽车制造
000626,物资外贸
000627,化工行业
000628,开发区
000629,钢铁行业
000630,有色金属
000631,房地产
000632,综合行业
000633,综合行业
000635,化工行业
000636,电子器件
000637,石油行业
000638,商业百货
000639,食品行业
000650,生物制药
000651,家电行业
000652,综合行业
000655,钢铁行业
000656,房地产
000657,有色金属
000658,其它行业
000659,印刷包装
000660,其它行业
000661,生物制药
000662,化工行业
000663,农林牧渔
000665,传媒娱乐
000666,纺织机械
000667,房地产
000668,房地产
000669,供水供气
000670,电子器件
000671,房地产
000672,水泥行业
000673,印刷包装
000675,其它行业
000676,仪器仪表
000677,化纤行业
000678,机械行业
000679,商业百货
000680,机械行业
000681,电子信息
000682,发电设备
000683,化工行业
000685,供水供气
000686,金融行业
000687,化纤行业
000689,其它行业
000690,电力行业
000691,房地产
000692,供水供气
000695,供水供气
000697,有色金属
000698,化工行业
000700,汽车制造
000701,综合行业
000702,农林牧渔
000703,化纤行业
000705,商业百货
000707,化工行业
000708,钢铁行业
000709,钢铁行业
000710,汽车制造
000711,电子信息
000712,金融行业
000713,农林牧渔
000715,商业百货
000716,食品行业
000717,钢铁行业
000718,房地产
000719,传媒娱乐
000720,电力行业
000721,酒店旅游
000722,电力行业
000723,煤炭行业
000725,电子器件
000726,纺织行业
000727,电子器件
000728,金融行业
000729,酿酒行业
000731,农药化肥
000732,房地产
000733,电子器件
000735,农林牧渔
000736,房地产
000737,化工行业
000738,飞机制造
000739,生物制药
000748,电子信息
000750,金融行业
000751,有色金属
000752,酿酒行业
000753,汽车制造
000755,化工行业
000756,生物制药
000757,汽车制造
000758,有色金属
000759,商业百货
000760,汽车制造
000761,钢铁行业
000762,有色金属
000765,其它行业
000766,生物制药
000767,电力行业
000768,飞机制造
000776,金融行业
000777,机械行业
000778,钢铁行业
000779,纺织行业
000780,煤炭行业
000782,化纤行业
000783,金融行业
000785,商业百货
000786,建筑建材
000787,电子信息
000788,生物制药
000789,水泥行业
000790,生物制药
000791,电力行业
000792,农药化肥
000793,传媒娱乐
000795,其它行业
000796,食品行业
000797,房地产
000798,农林牧渔
000799,酿酒行业
000800,汽车制造
000801,电子信息
000802,酒店旅游
000803,纺织行业
000805,电子信息
000806,发电设备
000807,有色金属
000809,房地产
000810,电子器件
000811,机械行业
000812,印刷包装
000813,纺织行业
000815,造纸行业
000816,机械行业
000818,化工行业
000819,石油行业
000820,造纸行业
000821,机械行业
000822,化工行业
000823,电子器件
000825,钢铁行业
000826,环保行业
000828,公路桥梁
000829,商业百货
000830,农药化肥
000831,有色金属
000832,其它行业
000833,造纸行业
000835,传媒娱乐
000836,电子信息
000837,机械行业
000838,房地产
000839,综合行业
000848,食品行业
000850,纺织行业
000851,电子信息
000852,机械行业
000856,机械行业
000858,酿酒行业
000859,塑料制品
000860,酿酒行业
000861,房地产
000862,电力行业
000863,房地产
000868,汽车制造
000869,酿酒行业
000875,电力行业
000876,农林牧渔
000877,水泥行业
000878,有色金属
000880,机械行业
000881,综合行业
000882,商业百货
000883,电力行业
000885,水泥行业
000886,公路桥梁
000887,化工行业
000888,酒店旅游
000889,商业百货
000890,钢铁行业
000892,电子信息
000893,食品行业
000895,食品行业
000897,房地产
000898,钢铁行业
000899,电力行业
000900,公路桥梁
000901,飞机制造
000902,农药化肥
000903,机械行业
000905,交通运输
000906,商业百货
000908,生物制药
000909,综合行业
000910,家具行业
000911,食品行业
000912,农药化肥
000913,摩托车
000915,生物制药
000916,公路桥梁
000917,传媒娱乐
000918,房地产
000919,生物制药
000920,交通运输
000921,家电行业
000922,电器行业
000923,机械行业
000925,机械行业
000926,房地产
000927,汽车制造
000928,建筑建材
000929,酿酒行业
000930,食品行业
000931,房地产
000932,钢铁行业
000933,煤炭行业
000935,水泥行业
000936,化纤行业
000937,煤炭行业
000938,电子信息
000939,电力行业
000948,电子信息
000949,化纤行业
000950,农药化肥
000951,汽车制造
000952,生物制药
000953,农药化肥
000955,纺织行业
000957,汽车制造
000958,电力行业
000959,钢铁行业
000960,有色金属
000961,建筑建材
000962,有色金属
000963,生物制药
000965,房地产
000966,电力行业
000967,发电设备
000968,煤炭行业
000969,钢铁行业
000970,电子信息
000971,纺织行业
000972,食品行业
000973,塑料制品
000975,有色金属矿采选业
000976,化纤行业
000977,电子信息
000978,酒店旅游
000979,房地产
000980,仪器仪表
000981,房地产
000982,纺织行业
000983,煤炭行业
000985,化工行业
000987,商业百货
000988,仪器仪表
000989,生物制药
000990,化工行业
000993,电力行业
000995,酿酒行业
000996,交通运输
000997,电子信息
000998,农林牧渔
000999,生物制药
001210,电力、热力生产和供应业
001220,次新股
001232,次新股
001233,次新股
001237,次新股
001248,次新股
001257,次新股
001267,计算机、通信和其他电子设备制造业
001270,消费电子
001280,次新股
001285,次新股
001309,消费电子
001312,次新股
001325,次新股
001365,次新股
001369,次新股
001386,次新股
001393,次新股
001396,次新股
001399,次新股
001696,摩托车
001896,电力行业
001914,房地产
001979,房地产
002001,生物制药
002002,塑料制品
002003,服装鞋类
002004,农药化肥
002005,家电行业
002006,机械行业
002007,生物制药
002008,仪器仪表
002009,机械行业
002010,化工行业
002011,机械行业
002012,造纸行业
002013,汽车制造
002014,化工行业
002015,化纤行业
002016,房地产
002017,电子信息
002018,农药化肥
002019,生物制药
002020,生物制药
002021,纺织机械
002022,生物制药
002023,飞机制造
002024,商业百货
002025,电子器件
002026,机械行业
002027,电子信息
002028,发电设备
002029,服装鞋类
002030,生物制药
002031,汽车制造
002032,家电行业
002033,酒店旅游
002034,纺织行业
002035,家电行业
002036,服装鞋类
002037,化工行业
002038,生物制药
002039,电力行业
002040,交通运输
002041,农林牧渔
002042,纺织行业
002043,建筑建材
002044,服装鞋类
002045,电子器件
002046,机械行业
002047,建筑建材
002048,汽车制造
002049,电子器件
002050,机械行业
002051,建筑建材
002052,电子信息
002053,化工行业
002054,化工行业
002055,电子器件
002056,电子器件
002057,电子器件
002058,仪器仪表
002059,酒店旅游
002060,建筑建材
002061,化工行业
002062,建筑建材
002063,电子信息
002064,化纤行业
002065,电子信息
002066,建筑建材
002067,造纸行业
002068,化工行业
002069,农林牧渔
002070,纺织行业
002071,传媒娱乐
002072,纺织行业
002073,电子信息
002074,发电设备
002075,钢铁行业
002076,家电行业
002077,房地产
002078,造纸行业
002079,电子器件
002080,化纤行业
002081,建筑建材
002082,有色金属
002083,纺织行业
002084,家具行业
002085,汽车制造
002086,农林牧渔
002087,纺织行业
002088,其它行业
002089,电子信息
002090,电子信息
002091,物资外贸
002092,化工行业
002093,电子信息
002094,化工行业
002095,电子信息
002096,化工行业
002097,机械行业
002098,服装鞋类
002099,生物制药
002100,农林牧渔
002101,机械行业
002102,陶瓷行业
002104,电子器件
002106,电子器件
002107,生物制药
002108,塑料制品
002109,化工行业
002110,钢铁行业
002111,飞机制造
002112,发电设备
002113,农药化肥
002114,有色金属
002115,电子信息
002116,建筑建材
002117,印刷包装
002118,生物制药
002119,电子器件
002120,家具行业
002121,仪器仪表
002122,机械行业
002123,发电设备
002124,农林牧渔
002125,化工行业
002126,汽车制造
002127,纺织行业
002128,煤炭行业
002129,电子器件
002130,发电设备
002131,机械行业
002132,钢铁行业
002133,房地产
002134,电子器件
002135,建筑建材
002136,化工行业
002137,电子器件
002138,电子器件
002139,电子器件
002140,建筑建材
002141,电子器件
002142,金融行业
002143,传媒娱乐
002144,纺织行业
002145,化工行业
002146,房地产
002147,机械行业
002148,电子信息
002149,有色金属
002150,机械行业
002151,电子信息
002152,电子信息
002153,电子信息
002154,服装鞋类
002155,有色金属
002156,电子器件
002157,农林牧渔
002158,机械行业
002159,酒店旅游
002160,有色金属
002161,电子信息
002162,陶瓷行业
002163,建筑建材
002164,电器行业
002165,化工行业
002166,生物制药
002167,有色金属
002168,发电设备
002169,发电设备
002170,农药化肥
002171,有色金属
002172,化纤行业
002173,农林牧渔
002174,电子信息
002175,仪器仪表
002176,电器行业
002177,电子信息
002178,建筑建材
002179,电子器件
002180,电子信息
002181,传媒娱乐
002182,有色金属
002183,交通运输
002184,电子信息
002185,电子器件
002186,酒店旅游
002187,商业百货
002188,电子器件
002189,电子器件
002190,汽车制造
002191,印刷包装
002192,化工行业
002193,纺织行业
002194,电子信息
002195,电子信息
002196,纺织机械
002197,仪器仪表
002198,生物制药
002199,电子器件
002200,环保行业
002201,化工行业
002202,发电设备
002203,有色金属
002204,机械行业
002205,建筑建材
002206,化纤行业
002207,石油行业
002208,房地产
002209,机械行业
002210,交通运输
002211,化工行业
002212,发电设备
002213,汽车制造
002214,仪器仪表
002215,农药化肥
002216,食品行业
002217,化工行业
002218,电子器件
002219,生物制药
002220,食品行业
002221,石油行业
002222,电子器件
002223,医疗器械
002224,化工行业
002225,建筑建材
002226,化工行业
002227,发电设备
002228,印刷包装
002229,印刷包装
002230,电子信息
002231,电子信息
002232,电子信息
002233,水泥行业
002234,农林牧渔
002235,造纸行业
002236,仪器仪表
002237,有色金属
002238,传媒娱乐
002239,服装鞋类
002240,家具行业
002241,电子器件
002242,家电行业
002243,塑料制品
002244,房地产
002245,交通运输
002246,化工行业
002247,建筑建材
002248,机械行业
002249,电器行业
002250,化工行业
002251,商业百货
002252,生物制药
002253,电子信息
002254,化纤行业
002255,机械行业
002256,化工行业
002258,农药化肥
002259,家具行业
002260,家电行业
002261,电子信息
002262,生物制药
002263,塑料制品
002264,商业百货
002265,汽车制造
002266,电器行业
002267,供水供气
002268,电子信息
002269,服装鞋类
002270,机械行业
002271,建筑建材
002272,机械行业
002273,电子器件
002274,农药化肥
002275,生物制药
002276,发电设备
002277,商业百货
002278,机械行业
002279,电子信息
002280,电子信息
002281,电子信息
002282,机械行业
002283,汽车制造
002284,汽车制造
002285,房地产
002286,食品行业
002287,生物制药
002288,电子器件
002289,电子器件
002290,家电行业
002291,服装鞋类
002292,传媒娱乐
002293,服装鞋类
002294,生物制药
002295,有色金属
002296,电子信息
002297,其它行业
002298,电器行业
002299,农林牧渔
002300,发电设备
002301,文教、工美、体育和娱乐用品制造业
002302,水泥行业
002303,造纸行业
002304,酿酒行业
002305,房地产
002306,酒店旅游
002307,建筑建材
002308,电子信息
002309,电器行业
002310,建筑建材
002311,农林牧渔
002312,电子信息
002313,电子信息
002314,建筑建材
002315,电子信息
002316,电子信息
002317,生物制药
002318,钢铁行业
002319,化工行业
002320,交通运输
002321,农林牧渔
002322,电器行业
002323,发电设备
002324,塑料制品
002325,建筑建材
002326,化工行业
002327,服装鞋类
002328,机械行业
002329,食品行业
002330,食品行业
002331,电子信息
002332,生物制药
002333,有色金属
002334,电器行业
002335,电器行业
002336,商业百货
002337,机械行业
002338,仪器仪表
002339,电器行业
002340,有色金属
002341,化工行业
002342,机械行业
002343,塑料制品
002344,商业百货
002345,服装鞋类
002346,水泥行业
002347,机械行业
002348,文教、工美、体育和娱乐用品制造业
002349,生物制药
002350,发电设备
002351,电子信息
002352,其它行业
002353,机械行业
002354,电子信息
002355,汽车制造
002356,仪器仪表
002357,交通运输
002358,发电设备
002359,钢铁行业
002360,化工行业
002361,化工行业
002362,电子信息
002363,汽车制造
002364,电器行业
002365,生物制药
002366,机械行业
002367,交通运输
002368,电子信息
002369,电子信息
002370,生物制药
002371,电子器件
002372,建筑建材
002373,电子信息
002374,印刷包装
002375,建筑建材
002376,电子信息
002377,化工行业
002378,有色金属
002379,有色金属
002380,电器行业
002381,化工行业
002382,医疗器械
002383,电子信息
002384,电子信息
002385,农林牧渔
002386,化工行业
002387,食品行业
002388,电子器件
002389,电子器件
002390,生物制药
002391,农药化肥
002392,建筑建材
002393,生物制药
002394,纺织行业
002395,化工行业
002396,电子信息
002397,服装鞋类
002398,建筑建材
002399,生物制药
002400,印刷包装
002401,电子信息
002402,电子器件
002403,家电行业
002404,纺织行业
002405,电子信息
002406,汽车制造
002407,化工行业
002408,化工行业
002409,化工行业
002410,电子信息
002411,化工行业
002412,生物制药
002413,机械行业
002414,仪器仪表
002415,仪器仪表
002416,商业百货
002417,电子信息
002418,机械行业
002419,商业百货
002420,塑料制品
002421,电子信息
002422,生物制药
002423,钢铁行业
002424,生物制药
002425,服装鞋类
002426,电子器件
002427,化纤行业
002428,有色金属
002429,家电行业
002430,机械行业
002431,建筑建材
002432,医疗器械
002433,生物制药
002434,汽车制造
002435,机械行业
002436,电子器件
002437,生物制药
002438,机械行业
002439,电子信息
002440,化工行业
002441,商业百货
002442,化工行业
002443,钢铁行业
002444,机械行业
002445,机械行业
002446,电子信息
002447,农林牧渔
002448,交通运输
002449,电子器件
002450,化工行业
002451,发电设备
002452,电器行业
002453,化工行业
002454,汽车制造
002455,化工行业
002456,电子器件
002457,塑料制品
002458,农林牧渔
002459,机械行业
002460,有色金属
002461,酿酒行业
002462,商业百货
002463,电子器件
002464,塑料制品
002465,电子信息
002466,化工行业
002467,电子信息
002468,建筑建材
002469,建筑建材
002470,农药化肥
002471,发电设备
002472,机械行业
002473,家电行业
002474,电子信息
002475,电子器件
002476,化工行业
002477,农林牧渔
002478,钢铁行业
002479,电力行业
002480,机械行业
002481,食品行业
002482,建筑建材
002483,机械行业
002484,电子器件
002485,服装鞋类
002486,服装鞋类
002487,钢铁行业
002488,汽车制造
002489,家具行业
002490,机械行业
002491,电子信息
002492,交通运输
002493,化纤行业
002494,服装鞋类
002495,食品行业
002496,农药化肥
002497,化工行业
002498,发电设备
002499,机械行业
002500,金融行业
002501,有色金属
002503,服装鞋类
002504,电子器件
002505,农林牧渔
002506,电子器件
002507,食品行业
002508,家电行业
002509,机械行业
002510,汽车制造
002511,造纸行业
002512,电子器件
002513,农药化肥
002514,机械行业
002515,食品行业
002516,纺织行业
002517,服装鞋类
002518,仪器仪表
002519,电子信息
002520,机械行业
002521,造纸行业
002522,塑料制品
002523,机械行业
002524,钢铁行业
002526,机械行业
002527,仪器仪表
002528,电子信息
002529,机械行业
002530,机械行业
002531,发电设备
002532,机械行业
002533,发电设备
002534,机械行业
002535,机械行业
002536,汽车制造
002537,机械行业
002538,农药化肥
002539,农药化肥
002540,有色金属
002541,钢铁行业
002542,建筑建材
002543,家电行业
002544,电子信息
002545,钢铁行业
002546,电器行业
002547,电子信息
002548,农林牧渔
002549,环保行业
002550,生物制药
002551,医疗器械
002552,机械行业
002553,机械行业
002554,石油行业
002555,汽车制造
002556,商业百货
002557,食品行业
002558,酒店旅游
002559,机械行业
002560,发电设备
002561,商业百货
002562,化工行业
002563,服装鞋类
002564,机械行业
002565,造纸行业
002566,生物制药
002567,农林牧渔
002568,食品行业
002569,服装鞋类
002570,食品行业
002571,玻璃行业
002572,家具行业
002573,环保行业
002574,服装鞋类
002576,电器行业
002577,电子信息
002578,有色金属
002579,电子器件
002580,电器行业
002581,化工行业
002582,食品行业
002583,电子信息
002584,化工行业
002585,塑料制品
002586,建筑建材
002587,电子器件
002588,农药化肥
002589,商业百货
002590,汽车制造
002591,机械行业
002592,交通运输
002593,汽车制造
002594,汽车制造
002595,机械行业
002596,建筑建材
002597,化工行业
002598,机械行业
002599,印刷包装
002600,电子器件
002601,化工行业
002602,汽车制造
002603,生物制药
002604,食品行业
002606,电器行业
002607,汽车制造
002608,船舶制造
002609,电子信息
002611,机械行业
002612,服装鞋类
002613,机械行业
002614,医疗器械
002615,钢铁行业
002616,环保行业
002617,有色金属
002618,电子器件
002619,水泥行业
002620,建筑建材
002621,机械行业
002622,发电设备
002623,玻璃行业
002624,传媒娱乐
002625,汽车制造
002626,食品行业
002627,交通运输
002628,建筑建材
002629,石油行业
002630,机械行业
002631,家具行业
002632,化工行业
002633,机械行业
002634,服装鞋类
002635,电子信息
002636,电子器件
002637,化工行业
002638,电子器件
002639,机械行业
002640,服装鞋类
002641,塑料制品
002642,电子信息
002643,化工行业
002644,生物制药
002645,机械行业
002646,酿酒行业
002647,电器行业
002648,化工行业
002649,电子信息
002650,食品行业
002651,机械行业
002652,建筑建材
002653,生物制药
002654,电子器件
002655,电子器件
002656,服装鞋类
002657,电子信息
002658,仪器仪表
002659,建筑建材
002660,发电设备
002661,食品行业
002662,汽车制造
002663,建筑建材
002664,电器行业
002665,电器行业
002666,化工行业
002667,机械行业
002668,家电行业
002669,化工行业
002670,电器行业
002671,建筑建材
002672,环保行业
002673,金融行业
002674,服装鞋类
002675,生物制药
002676,塑料制品
002677,家电行业
002679,农林牧渔
002680,机械行业
002681,家电行业
002682,交通运输
002683,化工行业
002684,电器行业
002685,机械行业
002686,机械行业
002687,服装鞋类
002688,生物制药
002689,交通运输
002690,机械行业
002691,机械行业
002692,电力行业
002693,生物制药
002694,塑料制品
002695,食品行业
002696,农林牧渔
002697,商业百货
002698,机械行业
002700,供水供气
002701,印刷包装
002702,食品行业
002703,汽车制造
002705,家电行业
002706,电器行业
002707,酒店旅游
002708,汽车制造
002709,化工行业
002710,其它行业
002711,交通运输
002712,传媒娱乐
002713,建筑建材
002714,农林牧渔
002715,汽车制造
002716,有色金属
002717,建筑建材
002718,家具行业
002719,食品行业
002722,纺织机械
002723,家电行业
002724,电子器件
002725,汽车制造
002726,食品行业
002727,生物制药
002728,生物制药
002729,电子器件
002730,电器行业
002731,服装鞋类
002732,食品行业
002733,电器行业
002734,农药化肥
002735,塑料制品
002736,金融行业
002737,生物制药
002738,建筑建材
002739,传媒娱乐
002740,服装鞋类
002741,化工行业
002742,建筑建材
002743,钢铁行业
002745,电子器件
002746,农林牧渔
002747,机械行业
002748,化工行业
002749,农药化肥
002750,生物制药
002751,家具行业
002752,印刷包装
002753,其它行业
002755,其它行业
002756,其它行业
002757,其它行业
002758,其它行业
002759,其它行业
002768,橡胶和塑料制品业
002787,金属制品
002792,计算机、通信和其他电子设备制造业
002803,商业百货
002805,计算机、通信和其他电子设备制造业
002812,橡胶和塑料制品业
002823,电气机械和器材制造业
002827,化学原料和化学制品制造业
002837,专用机械
002840,农副食品加工业
002842,有色金属
002851,电气设备
002865,电气设备
002885,消费电子
002891,农副食品加工业
002902,消费电子
002913,消费电子
002915,化学原料和化学制品制造业
002920,计算机、通信和其他电子设备制造业
002922,电气机械和器材制造业
002938,消费电子
002943,通用机械
002957,专用机械
002969,金属制品
002979,仪器仪表制造业
002980,仪器仪表制造业
003036,专用机械
200011,其它行业
200012,其它行业
200016,其它行业
200017,其它行业
200019,其它行业
200020,其它行业
200025,其它行业
200026,其它行业
200028,其它行业
200029,其它行业
200030,其它行业
200037,其它行业
200045,其它行业
200054,其它行业
200055,其它行业
200056,其它行业
200058,其它行业
200152,其它行业
200413,其它行业
200429,其它行业
200468,其它行业
200488,其它行业
200505,其它行业
200512,其它行业
200521,其它行业
200530,其它行业
200539,其它行业
200541,其它行业
200550,其它行业
200553,其它行业
200570,其它行业
200581,其它行业
200596,其它行业
200613,其它行业
200625,其它行业
200706,其它行业
200725,其它行业
200726,其它行业
200761,其它行业
200771,其它行业
200869,其它行业
200992,其它行业
300001,发电设备
300002,电子信息
300003,医疗器械
300004,发电设备
300005,服装鞋类
300006,生物制药
300007,仪器仪表
300008,船舶制造
300009,生物制药
300010,电子信息
300011,交通运输
300012,仪器仪表
300013,交通运输
300014,电子器件
300015,医疗器械
300016,生物制药
300017,电子信息
300018,发电设备
300019,化工行业
300020,电子信息
300021,农林牧渔
300022,商业百货
300023,机械行业
300024,机械行业
300025,电子信息
300026,生物制药
300027,传媒娱乐
300028,电子信息
300029,电子器件
300030,医疗器械
300031,化工行业
300032,电子器件
300033,电子信息
300034,有色金属
300035,机械行业
300036,电子信息
300037,化工行业
300038,电子信息
300039,生物制药
300040,发电设备
300041,化工行业
300042,电子信息
300044,电子信息
300045,电子信息
300046,电子器件
300047,电子信息
300048,发电设备
300049,生物制药
300050,电子信息
300051,电子信息
300052,电子信息
300053,电子器件
300054,化工行业
300055,环保行业
300056,机械行业
300057,印刷包装
300058,印刷包装
300059,电子信息
300061,医疗器械
300062,发电设备
300063,化工行业
300064,其它行业
300065,电子信息
300066,仪器仪表
300067,化工行业
300068,电器行业
300069,发电设备
300070,环保行业
300071,印刷包装
300072,化工行业
300073,其它行业
300074,电子信息
300075,电子信息
300076,电子信息
300077,电子器件
300078,电子器件
300079,电子信息
300080,建筑建材
300081,电子信息
300082,化工行业
300083,电子器件
300084,石油行业
300085,电子信息
300086,生物制药
300087,农林牧渔
300088,电子器件
300089,陶瓷行业
300090,机械行业
300091,机械行业
300092,机械行业
300093,玻璃行业
300094,农林牧渔
300095,机械行业
300096,电子信息
300097,仪器仪表
300098,电子信息
300099,仪器仪表
300100,汽车制造
300101,电子信息
300102,电子器件
300103,机械行业
300104,电子信息
300105,仪器仪表
300106,农林牧渔
300107,化工行业
300108,化工行业
300109,化工行业
300110,生物制药
300111,电子器件
300112,仪器仪表
300113,电子信息
300114,电子器件
300115,电子器件
300116,机械行业
300117,建筑建材
300118,电子器件
300119,生物制药
300120,发电设备
300121,化工行业
300122,生物制药
300123,船舶制造
300124,仪器仪表
300125,发电设备
300126,机械行业
300127,电子器件
300128,电子器件
300129,发电设备
300130,电子信息
300131,电子器件
300132,化工行业
300133,传媒娱乐
300134,电子信息
300135,化工行业
300136,电子信息
300137,仪器仪表
300138,食品行业
300139,电子器件
300140,电器行业
300141,发电设备
300142,生物制药
300143,农林牧渔
300144,酒店旅游
300145,机械行业
300146,食品行业
300147,生物制药
300148,传媒娱乐
300149,食品行业
300150,电子信息
300151,机械行业
300152,机械行业
300153,发电设备
300154,电子器件
300155,电子器件
300156,环保行业
300157,石油行业
300158,生物制药
300159,机械行业
300160,玻璃行业
300161,机械行业
300162,电子器件
300163,建筑建材
300164,石油行业
300165,仪器仪表
300166,电子信息
300167,电子信息
300168,电子信息
300169,塑料制品
300170,电子信息
300171,医疗器械
300172,环保行业
300173,机械行业
300174,化工行业
300175,食品行业
300176,汽车制造
300177,电子信息
300178,酒店旅游
300179,其它行业
300180,化纤行业
300181,生物制药
300182,电子信息
300183,电子信息
300184,电子器件
300185,机械行业
300186,农林牧渔
300187,环保行业
300188,电子信息
300189,农林牧渔
300190,环保行业
300191,石油行业
300192,化工行业
300193,机械行业
300194,生物制药
300195,机械行业
300196,玻璃行业
300197,环保行业
300198,塑料制品
300199,生物制药
300200,化工行业
300201,机械行业
300202,机械行业
300203,仪器仪表
300204,生物制药
300205,电子器件
300206,医疗器械
300207,电子器件
300208,发电设备
300209,电子信息
300210,机械行业
300211,电子信息
300212,电子信息
300213,电子信息
300214,化工行业
300215,电子器件
300216,医疗器械
300217,电器行业
300218,塑料制品
300219,电子器件
300220,电子器件
300221,塑料制品
300222,电器行业
300223,电子器件
300224,电子器件
300225,化工行业
300226,电子信息
300227,电子器件
300228,机械行业
300229,电子信息
300230,塑料制品
300231,电子信息
300232,电子器件
300233,生物制药
300234,陶瓷行业
300235,电子信息
300236,化工行业
300237,化工行业
300238,医疗器械
300239,生物制药
300240,交通运输
300241,电子器件
300242,电子器件
300243,化工行业
300244,医疗器械
300245,电子信息
300246,医疗器械
300247,医疗器械
300248,电子信息
300249,机械行业
300250,电子信息
300251,传媒娱乐
300252,电器行业
300253,电子信息
300254,生物制药
300255,生物制药
300256,电子器件
300257,机械行业
300258,汽车制造
300259,仪器仪表
300260,机械行业
300261,农药化肥
300262,环保行业
300263,机械行业
300264,电子信息
300265,电器行业
300266,机械行业
300267,生物制药
300268,农林牧渔
300269,电子器件
300270,电子信息
300271,电子信息
300272,机械行业
300273,医疗器械
300274,电器行业
300275,电子信息
300276,机械行业
300277,电子信息
300278,机械行业
300279,电子器件
300280,机械行业
300281,机械行业
300282,电子信息
300283,电器行业
300284,建筑建材
300285,化工行业
300286,仪器仪表
300287,电子信息
300288,电子信息
300289,生物制药
300290,电子信息
300291,传媒娱乐
300292,电子信息
300293,机械行业
300294,生物制药
300295,电子信息
300296,电子器件
300297,电子信息
300298,医疗器械
300299,电子信息
300300,电子信息
300301,电子器件
300302,电子信息
300303,电子器件
300304,汽车制造
300305,塑料制品
300306,仪器仪表
300307,机械行业
300308,机械行业
300309,机械行业
300310,电子信息
300311,电子信息
300312,电子信息
300313,农林牧渔
300314,医疗器械
300315,电子信息
300316,机械行业
300317,电子器件
300318,医疗器械
300319,电子器件
300320,化工行业
300321,塑料制品
300322,电子信息
300323,电子器件
300324,电子信息
300325,塑料制品
300326,医疗器械
300327,电子器件
300330,电子信息
300331,电子器件
300332,环保行业
300333,电子信息
300334,机械行业
300335,环保行业
300336,传媒娱乐
300338,仪器仪表
300339,电子信息
300340,电子器件
300341,发电设备
300342,电子器件
300343,化工行业
300344,建筑建材
300345,钢铁行业
300346,电子器件
300347,医疗器械
300348,电子信息
300349,仪器仪表
300350,交通运输
300351,电子器件
300352,电子信息
300353,电子信息
300354,仪器仪表
300355,环保行业
300356,电器行业
300357,生物制药
300358,机械行业
300359,电子信息
300360,仪器仪表
300361,其它行业
300362,机械行业
300363,生物制药
300364,传媒娱乐
300365,电子信息
300366,电子信息
300367,电子信息
300368,机械行业
300369,电子信息
300370,仪器仪表
300371,仪器仪表
300372,发电设备
300373,电子器件
300374,建筑建材
300375,汽车制造
300376,电器行业
300377,电子信息
300378,电子信息
300379,电子信息
300380,电子信息
300381,农林牧渔
300382,机械行业
300383,电子信息
300384,纺织机械
300385,机械行业
300386,电子信息
300387,化工行业
300388,环保行业
300389,电子器件
300390,电子信息
300391,机械行业
300392,电子信息
300393,塑料制品
300394,电子信息
300395,玻璃行业
300396,医疗器械
300397,电子信息
300398,化工行业
300399,电子信息
300400,机械行业
300401,食品行业
300402,机械行业
300403,电器行业
300404,医疗器械
300405,化工行业
300406,生物制药
300407,电器行业
300408,电子器件
300409,陶瓷行业
300410,仪器仪表
300411,机械行业
300412,医疗器械
300413,商业百货
300414,电子器件
300415,机械行业
300416,仪器仪表
300417,仪器仪表
300418,电子信息
300419,电子信息
300420,机械行业
300421,机械行业
300422,环保行业
300423,电力行业
300424,飞机制造
300425,机械行业
300426,传媒娱乐
300427,机械行业
300429,化工行业
300430,仪器仪表
300431,电子信息
300432,汽车制造
300433,电子器件
300434,机械行业
300435,机械行业
300436,生物制药
300437,化工行业
300438,电器行业
300439,生物制药
300440,电子信息
300441,机械行业
300442,机械行业
300443,机械行业
300444,发电设备
300445,仪器仪表
300446,化工行业
300447,电器行业
300448,电子信息
300449,电子信息
300450,其它行业
301005,汽车制造业
301008,电气设备
301015,批发业
301021,消费电子
301025,新闻和出版业
301026,废弃资源综合利用业
301042,消费电子
301045,消费电子
301047,研究和试验发展
301053,专用设备制造业
301080,研究和试验发展
301089,医药制造业
301093,医药制造业
301096,研究和试验发展
301117,软件开发
301120,电气机械和器材制造业
301122,专用设备制造业
301127,水的生产和供应业
301176,消费电子
301183,消费电子
301188,非金属矿物制品业
301196,橡胶和塑料制品业
301200,专用机械
301201,医药制造业
301205,消费电子
301225,汽车制造业
301230,研究和试验发展
301232,通用机械
301234,专用设备制造业
301248,软件开发
301251,消费电子
301257,研究和试验发展
301273,通用设备制造业
301281,化学制药
301282,计算机、通信和其他电子设备制造业
301291,电气机械和器材制造业
301293,卫生
301310,汽车整车
301312,专用机械
301319,消费电子
301345,铁路、船舶、航空航天和其他运输设备制造业
301362,电气设备
301366,计算机、通信和其他电子设备制造业
301369,专用机械
301377,金属制品
301382,互联网
301393,化学原料和化学制品制造业
301408,零售业
301413,消费电子
301421,仪器仪表制造业
301439,电气机械和器材制造业
301449,次新股
301479,计算机、通信和其他电子设备制造业
301489,"国证2000,国证Ａ指,中小创新"
301501,造纸和纸制品业
301509,医药制造业
301511,消费电子
301513,次新股
301520,研究和试验发展
301529,汽车整车
301531,次新股
301550,汽车制造业
301551,电信、广播电视和卫星传输服务
301563,次新股
301566,消费电子
301575,次新股
301583,次新股
301584,次新股
301599,次新股
301607,汽车制造业
301609,电气机械和器材制造业
301631,计算机、通信和其他电子设备制造业
301632,次新股
301638,次新股
301656,次新股
301666,次新股
301667,次新股
301668,次新股
301669,次新股
301677,次新股
301680,次新股
301682,次新股
301683,次新股
301687,次新股
301696,次新股
301707,次新股
301717,次新股
600000,金融行业
600001,钢铁行业
600002,石油行业
600003,公路桥梁
600004,交通运输
600005,钢铁行业
600006,汽车制造
600007,开发区
600008,环保行业
600009,交通运输
600010,钢铁行业
600011,电力行业
600012,公路桥梁
600015,金融行业
600016,金融行业
600017,交通运输
600018,交通运输
600019,钢铁行业
600020,公路桥梁
600021,电力行业
600022,钢铁行业
600023,电力行业
600026,交通运输
600027,电力行业
600028,石油行业
600029,交通运输
600030,金融行业
600031,机械行业
600033,公路桥梁
600035,公路桥梁
600036,金融行业
600037,传媒娱乐
600038,飞机制造
600039,建筑建材
600048,房地产
600050,电子信息
600051,综合行业
600052,房地产
600053,房地产
600054,酒店旅游
600055,医疗器械
600056,商业百货
600057,交通运输
600058,物资外贸
600059,酿酒行业
600060,家电行业
600061,化纤行业
600062,生物制药
600063,化纤行业
600064,开发区
600065,其它行业
600066,汽车制造
600067,房地产
600068,建筑建材
600069,造纸行业
600070,纺织行业
600072,船舶制造
600073,食品行业
600074,电子信息
600075,化工行业
600076,电子信息
600077,房地产
600078,化工行业
600079,生物制药
600080,生物制药
600081,汽车制造
600082,房地产
600083,电子器件
600084,酿酒行业
600085,生物制药
600086,服装鞋类
600087,交通运输
600088,传媒娱乐
600089,发电设备
600090,酿酒行业
600091,化工行业
600092,其它行业
600093,汽车制造
600094,房地产
600095,房地产
600096,农药化肥
600097,农林牧渔
600098,电力行业
600099,摩托车
600100,电子信息
600101,电力行业
600102,钢铁行业
600103,造纸行业
600104,汽车制造
600105,电子信息
600106,公路桥梁
600107,服装鞋类
600108,农林牧渔
600109,金融行业
600110,电力行业
600111,有色金属
600112,电器行业
600113,房地产
600114,机械行业
600115,交通运输
600116,电力行业
600117,钢铁行业
600118,飞机制造
600119,交通运输
600120,物资外贸
600121,煤炭行业
600122,商业百货
600123,煤炭行业
600125,交通运输
600126,钢铁行业
600127,农林牧渔
600128,物资外贸
600129,生物制药
600130,电子信息
600131,电力行业
600132,酿酒行业
600133,房地产
600135,化工行业
600136,商业百货
600137,服装鞋类
600138,酒店旅游
600139,有色金属
600141,化工行业
600143,塑料制品
600145,陶瓷行业
600146,塑料制品
600148,汽车制造
600149,机械行业
600150,船舶制造
600151,电子器件
600152,纺织行业
600153,物资外贸
600155,化工行业
600156,纺织行业
600157,煤炭行业
600159,房地产
600160,化工行业
600161,生物制药
600162,房地产
600163,造纸行业
600165,钢铁行业
600166,汽车制造
600167,供水供气
600168,供水供气
600169,机械行业
600170,建筑建材
600171,电子器件
600172,其它行业
600173,房地产
600175,房地产
600176,玻璃行业
600177,服装鞋类
600178,汽车制造
600179,煤炭行业
600180,交通运输
600182,汽车制造
600183,电子器件
600184,玻璃行业
600185,房地产
600186,食品行业
600187,供水供气
600188,煤炭行业
600189,农林牧渔
600190,交通运输
600191,食品行业
600192,发电设备
600193,钢铁行业
600195,农林牧渔
600196,生物制药
600197,酿酒行业
600198,电子信息
600199,酿酒行业
600200,生物制药
600201,生物制药
600202,电器行业
600203,电子器件
600205,有色金属
600206,电子器件
600207,电子器件
600208,房地产
600209,综合行业
600210,印刷包装
600211,生物制药
600212,综合行业
600213,汽车制造
600215,开发区
600216,生物制药
600217,水泥行业
600218,机械行业
600219,有色金属
600220,纺织行业
600221,交通运输
600222,生物制药
600223,房地产
600225,房地产
600226,农药化肥
600227,农药化肥
600228,化工行业
600229,化工行业
600230,农药化肥
600231,钢铁行业
600232,纺织行业
600233,服装鞋类
600234,传媒娱乐
600235,造纸行业
600236,电力行业
600237,电子器件
600238,酿酒行业
600239,房地产
600240,房地产
600241,物资外贸
600242,交通运输
600243,机械行业
600246,房地产
600247,物资外贸
600248,建筑建材
600249,化工行业
600250,物资外贸
600251,农林牧渔
600252,生物制药
600253,生物制药
600255,有色金属
600256,综合行业
600257,农林牧渔
600258,酒店旅游
600259,有色金属
600260,食品行业
600261,家电行业
600262,机械行业
600263,建筑建材
600265,农林牧渔
600266,房地产
600267,生物制药
600268,发电设备
600269,公路桥梁
600270,交通运输
600271,电子信息
600272,服装鞋类
600273,化工行业
600275,农林牧渔
600276,生物制药
600277,化工行业
600278,物资外贸
600279,交通运输
600280,商业百货
600281,化工行业
600282,钢铁行业
600283,供水供气
600284,建筑建材
600285,生物制药
600286,陶瓷行业
600287,物资外贸
600288,电子信息
600289,电子信息
600290,发电设备
600291,金融行业
600292,环保行业
600293,玻璃行业
600295,服装鞋类
600296,有色金属
600297,医疗器械
600298,食品行业
600299,化工行业
600300,食品行业
600301,化工行业
600302,纺织机械
600303,汽车制造
600305,食品行业
600306,商业百货
600307,钢铁行业
600308,造纸行业
600309,化工行业
600310,电力行业
600311,有色金属
600312,发电设备
600313,农林牧渔
600315,化工行业
600316,飞机制造
600317,交通运输
600318,水泥行业
600319,化工行业
600320,机械行业
600321,建筑建材
600322,房地产
600323,供水供气
600325,房地产
600326,建筑建材
600327,商业百货
600328,化工行业
600329,生物制药
600330,电子信息
600331,有色金属
600332,生物制药
600333,供水供气
600335,汽车制造
600336,家电行业
600337,家具行业
600338,有色金属
600339,化工行业
600340,房地产
600343,飞机制造
600345,电子信息
600346,机械行业
600348,煤炭行业
600350,公路桥梁
600351,生物制药
600352,化工行业
600353,电子器件
600354,农林牧渔
600355,电子器件
600356,造纸行业
600357,钢铁行业
600358,酒店旅游
600359,农林牧渔
600360,电子器件
600361,商业百货
600362,有色金属
600363,电子器件
600365,酿酒行业
600366,仪器仪表
600367,化工行业
600368,公路桥梁
600369,金融行业
600370,纺织行业
600371,农林牧渔
600372,飞机制造
600373,传媒娱乐
600375,汽车制造
600376,房地产
600377,公路桥梁
600378,化工行业
600379,电器行业
600380,生物制药
600381,煤炭行业
600382,物资外贸
600383,房地产
600386,交通运输
600387,石油行业
600388,机械行业
600389,农药化肥
600390,有色金属
600391,飞机制造
600393,房地产
600395,煤炭行业
600396,电力行业
600397,煤炭行业
600398,服装鞋类
600399,钢铁行业
600400,服装鞋类
600401,电子器件
600403,煤炭行业
600405,电器行业
600406,电子信息
600408,煤炭行业
600409,化工行业
600410,电子信息
600415,商业百货
600416,发电设备
600418,汽车制造
600419,食品行业
600420,生物制药
600421,机械行业
600422,生物制药
600423,农药化肥
600425,水泥行业
600426,农药化肥
600428,交通运输
600429,食品行业
600432,有色金属
600433,造纸行业
600435,机械行业
600436,生物制药
600438,农林牧渔
600439,服装鞋类
600444,塑料制品
600446,电子信息
600448,纺织行业
600449,水泥行业
600452,电力行业
600455,电子信息
600456,有色金属
600458,塑料制品
600459,有色金属
600460,电子器件
600461,供水供气
600462,造纸行业
600463,房地产
600466,生物制药
600467,农林牧渔
600468,电器行业
600469,汽车制造
600470,农药化肥
600475,机械行业
600476,电子信息
600477,钢铁行业
600478,电子器件
600479,生物制药
600480,汽车制造
600481,化工行业
600482,电器行业
600483,电力行业
600485,电子信息
600486,农药化肥
600487,电子信息
600488,生物制药
600489,有色金属
600490,化工行业
600491,建筑建材
600493,纺织行业
600495,交通运输
600496,钢铁行业
600497,有色金属
600498,电子信息
600499,机械行业
600500,物资外贸
600501,汽车制造
600502,建筑建材
600503,房地产
600505,电力行业
600506,农林牧渔
600507,钢铁行业
600508,煤炭行业
600509,电力行业
600510,房地产
600511,商业百货
600512,建筑建材
600513,生物制药
600515,商业百货
600516,其它行业
600517,发电设备
600518,生物制药
600519,酿酒行业
600520,机械行业
600521,生物制药
600522,电子信息
600523,汽车制造
600525,发电设备
600526,机械行业
600527,化纤行业
600528,建筑建材
600529,玻璃行业
600530,生物制药
600531,有色金属
600532,钢铁行业
600533,房地产
600535,生物制药
600536,电子信息
600537,电子器件
600538,农药化肥
600539,水泥行业
600540,农林牧渔
600543,酿酒行业
600545,建筑建材
600546,煤炭行业
600547,有色金属
600548,公路桥梁
600549,有色金属
600550,发电设备
600551,传媒娱乐
600552,玻璃行业
600553,水泥行业
600555,酒店旅游
600556,电子信息
600557,生物制药
600558,钢铁行业
600559,酿酒行业
600560,电器行业
600561,交通运输
600562,电子信息
600563,电子器件
600565,房地产
600566,生物制药
600567,造纸行业
600568,房地产
600569,钢铁行业
600570,电子信息
600571,电子信息
600572,生物制药
600573,酿酒行业
600575,交通运输
600576,综合行业
600577,电器行业
600578,电力行业
600579,机械行业
600580,发电设备
600581,钢铁行业
600582,机械行业
600583,石油行业
600584,电子器件
600585,水泥行业
600586,玻璃行业
600587,医疗器械
600588,电子信息
600589,塑料制品
600590,发电设备
600592,机械行业
600593,酒店旅游
600594,生物制药
600595,有色金属
600596,农药化肥
600597,食品行业
600598,农林牧渔
600599,化工行业
600600,酿酒行业
600601,电子信息
600602,电子器件
600603,综合行业
600604,开发区
600605,物资外贸
600606,房地产
600607,其它行业
600608,电子信息
600609,汽车制造
600610,纺织机械
600611,交通运输
600612,服装鞋类
600613,生物制药
600614,综合行业
600615,房地产
600616,酿酒行业
600617,供水供气
600618,化工行业
600619,机械行业
600620,综合行业
600621,房地产
600622,综合行业
600623,汽车制造
600624,综合行业
600625,其它行业
600626,纺织行业
600628,商业百货
600629,玻璃行业
600630,纺织行业
600631,商业百货
600633,传媒娱乐
600634,建筑建材
600635,供水供气
600636,化工行业
600637,传媒娱乐
600638,房地产
600639,开发区
600640,酒店旅游
600641,房地产
600642,电力行业
600643,金融行业
600644,电力行业
600645,生物制药
600647,综合行业
600648,开发区
600649,供水供气
600650,交通运输
600651,仪器仪表
600652,煤炭行业
600653,汽车制造
600654,电子信息
600655,商业百货
600656,综合行业
600657,房地产
600658,开发区
600660,汽车制造
600662,交通运输
600663,房地产
600664,生物制药
600665,房地产
600666,生物制药
600667,电子器件
600668,水泥行业
600670,其它行业
600671,生物制药
600673,有色金属
600674,电力行业
600675,房地产
600676,汽车制造
600677,电子信息
600678,水泥行业
600680,电子信息
600681,建筑建材
600682,商业百货
600683,房地产
600684,房地产
600685,船舶制造
600686,汽车制造
600687,综合行业
600688,石油行业
600689,纺织行业
600690,家电行业
600691,农药化肥
600692,交通运输
600693,商业百货
600694,商业百货
600695,食品行业
600696,房地产
600697,商业百货
600698,汽车制造
600699,汽车制造
600700,其它行业
600701,综合行业
600702,酿酒行业
600703,电子器件
600704,物资外贸
600705,金融行业
600706,酒店旅游
600707,电子器件
600708,交通运输
600709,其它行业
600710,机械行业
600711,有色金属
600712,商业百货
600713,商业百货
600714,有色金属
600715,汽车制造
600716,房地产
600717,交通运输
600718,电子信息
600719,供水供气
600720,水泥行业
600721,煤炭行业
600722,化工行业
600723,商业百货
600724,房地产
600725,煤炭行业
600726,电力行业
600727,农药化肥
600728,电子信息
600729,商业百货
600730,综合行业
600731,农药化肥
600732,房地产
600733,房地产
600734,电子信息
600735,纺织行业
600736,开发区
600737,食品行业
600738,商业百货
600739,物资外贸
600740,煤炭行业
600741,汽车制造
600742,汽车制造
600743,房地产
600744,电力行业
600745,房地产
600746,化工行业
600747,电子器件
600748,房地产
600749,酒店旅游
600750,生物制药
600751,交通运输
600752,其它行业
600753,商业百货
600754,酒店旅游
600755,物资外贸
600756,电子信息
600757,传媒娱乐
600758,供水供气
600759,石油行业
600760,汽车制造
600761,机械行业
600763,医疗器械
600764,电子信息
600765,机械行业
600767,房地产
600768,有色金属
600769,电力行业
600770,综合行业
600771,生物制药
600773,房地产
600774,商业百货
600775,电子信息
600776,电子信息
600777,综合行业
600778,商业百货
600779,酿酒行业
600780,电力行业
600781,生物制药
600782,钢铁行业
600783,其它行业
600784,钢铁行业
600785,商业百货
600787,交通运输
600788,其它行业
600789,生物制药
600790,商业百货
600791,房地产
600792,煤炭行业
600793,造纸行业
600794,交通运输
600795,电力行业
600796,农药化肥
600797,电子信息
600798,交通运输
600800,综合行业
600801,水泥行业
600802,水泥行业
600803,农药化肥
600804,电子信息
600805,综合行业
600806,机械行业
600807,房地产
600808,钢铁行业
600809,酿酒行业
600810,化纤行业
600811,综合行业
600812,生物制药
600813,其它行业
600814,商业百货
600815,机械行业
600816,金融行业
600817,电子器件
600819,玻璃行业
600820,建筑建材
600821,商业百货
600822,物资外贸
600823,房地产
600824,商业百货
600825,传媒娱乐
600826,物资外贸
600827,商业百货
600828,商业百货
600829,生物制药
600830,金融行业
600831,传媒娱乐
600832,综合行业
600833,商业百货
600834,交通运输
600835,交通运输
600836,印刷包装
600837,金融行业
600838,商业百货
600839,家电行业
600841,机械行业
600843,纺织机械
600844,化工行业
600845,电子信息
600846,综合行业
600847,电器行业
600848,仪器仪表
600849,其它行业
600850,电子信息
600851,纺织行业
600852,其它行业
600853,建筑建材
600854,家电行业
600855,机械行业
600856,商业百货
600857,商业百货
600858,商业百货
600859,商业百货
600860,机械行业
600861,商业百货
600862,房地产
600863,电力行业
600864,电力行业
600865,商业百货
600866,食品行业
600867,生物制药
600868,电力行业
600869,电力行业
600870,家电行业
600871,石油行业
600872,食品行业
600873,食品行业
600874,环保行业
600875,发电设备
600876,玻璃行业
600877,摩托车
600879,飞机制造
600880,印刷包装
600881,水泥行业
600882,钢铁行业
600883,水泥行业
600884,服装鞋类
600885,电器行业
600886,电力行业
600887,食品行业
600888,有色金属
600889,化纤行业
600890,房地产
600891,商业百货
600892,综合行业
600893,飞机制造
600894,交通运输
600895,开发区
600896,交通运输
600897,交通运输
600898,商业百货
600899,其它行业
600900,电力行业
600917,供水供气
600926,货币金融服务
600958,金融行业
600959,传媒娱乐
600960,汽车制造
600961,有色金属
600962,食品行业
600963,造纸行业
600965,农林牧渔
600966,造纸行业
600967,交通运输
600969,电力行业
600970,建筑建材
600971,煤炭行业
600973,发电设备
600975,农林牧渔
600976,生物制药
600977,传媒
600978,家具行业
600979,电力行业
600980,电子器件
600981,物资外贸
600982,供水供气
600983,家电行业
600984,机械行业
600985,化工行业
600986,建筑建材
600987,纺织行业
600988,有色金属矿采选业
600990,电子信息
600991,汽车制造
600992,钢铁行业
600993,生物制药
600995,电力行业
600997,煤炭行业
600998,商业百货
600999,金融行业
601000,交通运输
601001,煤炭行业
601002,机械行业
601003,钢铁行业
601005,钢铁行业
601006,交通运输
601007,酒店旅游
601008,交通运输
601009,金融行业
601010,商业百货
601011,煤炭行业
601012,电子器件
601015,煤炭行业
601016,电力行业
601018,交通运输
601021,交通运输
601026,次新股
601028,钢铁行业
601038,机械行业
601058,汽车制造
601088,煤炭行业
601098,传媒娱乐
601099,金融行业
601100,机械行业
601101,煤炭行业
601106,机械行业
601107,公路桥梁
601108,资本市场服务
601111,交通运输
601112,次新股
601113,化纤行业
601116,商业百货
601117,建筑建材
601118,化工行业
601126,发电设备
601137,有色金属
601139,供水供气
601158,供水供气
601162,证券
601166,金融行业
601168,有色金属
601169,金融行业
601177,机械行业
601179,发电设备
601186,建筑建材
601188,公路桥梁
601198,金融行业
601199,供水供气
601208,化工行业
601216,化工行业
601218,机械行业
601222,仪器仪表
601225,煤炭行业
601226,机械行业
601231,电子器件
601233,化纤行业
601238,汽车制造
601258,汽车制造
601268,机械行业
601288,金融行业
601299,交通运输
601311,电器行业
601313,交通运输
601318,金融行业
601319,保险业
601328,金融行业
601333,交通运输
601336,金融行业
601339,纺织行业
601369,机械行业
601377,金融行业
601390,建筑建材
601398,金融行业
601515,印刷包装
601518,公路桥梁
601519,电子信息
601555,金融行业
601558,发电设备
601566,服装鞋类
601567,仪器仪表
601579,酿酒行业
601588,房地产
601599,纺织行业
601600,有色金属
601601,金融行业
601607,商业百货
601608,机械行业
601615,通用机械
601616,电器行业
601618,建筑建材
601628,金融行业
601633,汽车制造
601636,玻璃行业
601666,煤炭行业
601668,建筑建材
601669,建筑建材
601677,有色金属
601678,化工行业
601688,金融行业
601689,汽车制造
601699,煤炭行业
601700,发电设备
601717,机械行业
601718,服装鞋类
601727,发电设备
601728,电信、广播电视和卫星传输服务
601766,交通运输
601777,摩托车
601788,金融行业
601789,建筑建材
601798,机械行业
601799,汽车制造
601800,建筑建材
601801,传媒娱乐
601808,石油行业
601818,金融行业
601825,货币金融服务
601827,生态保护和环境治理业
601857,石油行业
601858,新闻和出版业
601866,交通运输
601869,消费电子
601872,交通运输
601877,发电设备
601880,交通运输
601886,建筑建材
601888,酒店旅游
601890,船舶制造
601898,煤炭行业
601899,有色金属
601901,金融行业
601908,电子器件
601918,煤炭行业
601919,交通运输
601928,传媒娱乐
601929,传媒娱乐
601933,商业百货
601939,金融行业
601958,有色金属
601965,汽车制造
601969,钢铁行业
601988,金融行业
601989,船舶制造
601991,电力行业
601992,水泥行业
601996,农林牧渔
601998,金融行业
601999,传媒娱乐
603000,电子信息
603001,服装鞋类
603002,化工行业
603003,石油行业
603005,电子器件
603006,汽车制造
603008,家具行业
603009,汽车制造
603010,化工行业
603011,机械行业
603012,机械行业
603015,电器行业
603017,建筑建材
603018,建筑建材
603019,电子信息
603020,食品行业
603021,玻璃行业
603022,其它行业
603023,其它行业
603025,电子信息
603026,其它行业
603030,建筑建材
603039,软件开发
603061,专用机械
603063,电气设备
603077,化工行业
603083,消费电子
603087,化学制药
603088,机械行业
603092,次新股
603099,酒店旅游
603100,仪器仪表
603108,其它行业
603111,交通运输
603115,计算机、通信和其他电子设备制造业
603116,其它行业
603118,电子器件
603123,商业百货
603124,消费电子
603126,环保行业
603127,研究和试验发展
603128,交通运输
603137,建筑装饰、装修和其他建筑业
603158,汽车制造
603166,汽车制造
603167,交通运输
603168,生物制药
603169,机械行业
603175,次新股
603178,汽车制造业
603186,消费电子
603188,化工行业
603198,其它行业
603199,酒店旅游
603207,医药制造业
603222,生物制药
603227,其它行业
603236,消费电子
603248,次新股
603259,研究和试验发展
603268,陶瓷行业
603283,专用机械
603284,次新股
603288,食品行业
603293,次新股
603296,计算机、通信和其他电子设备制造业
603300,其它行业
603306,汽车制造
603308,机械行业
603309,医疗器械
603311,其它行业
603315,机械行业
603318,机械行业
603328,电子器件
603333,发电设备
603334,次新股
603338,机械行业
603341,计算机、通信和其他电子设备制造业
603352,次新股
603353,零售业
603355,机械行业
603358,汽车整车
603366,家电行业
603367,"国证2000,国证Ａ指"
603368,商业百货
603369,酿酒行业
603370,次新股
603376,次新股
603392,医药制造业
603399,有色金属
603402,次新股
603407,次新股
603418,次新股
603435,次新股
603439,医药制造业
603456,生物制药
603459,次新股
603468,次新股
603518,服装鞋类
603519,家电行业
603555,服装鞋类
603556,仪器仪表制造业
603558,纺织行业
603559,电信、广播电视和卫星传输服务
603566,其它行业
603567,生物制药
603568,其它行业
603588,环保行业
603598,其它行业
603599,农药化肥
603600,家具行业
603601,玻璃行业
603606,电器行业
603609,农林牧渔
603611,交通运输
603618,发电设备
603636,电子信息
603663,建材
603669,其它行业
603678,电子器件
603679,电气机械和器材制造业
603682,商务服务业
603686,环保行业
603688,其它行业
603696,食品制造业
603698,机械行业
603699,机械行业
603703,电器行业
603713,多式联运和运输代理业
603718,其它行业
603721,广播、电视、电影和录音制作业
603725,建材
603729,印刷包装
603737,化学原料和化学制品制造业
603738,消费电子
603766,摩托车
603773,消费电子
603778,电气设备
603788,汽车制造
603789,机械行业
603800,专用机械
603806,塑料制品
603808,服装鞋类
603818,家具行业
603823,化学原料和化学制品制造业
603828,建筑建材
603869,酒店旅游
603882,卫生
603883,商业百货
603885,其它行业
603889,纺织行业
603897,电气机械和器材制造业
603898,家具行业
603901,其它行业
603918,其它行业
603920,计算机、通信和其他电子设备制造业
603936,消费电子
603939,商业百货
603950,汽车制造业
603968,其它行业
603969,建筑建材
603980,化学原料和化学制品制造业
603986,消费电子
603988,电器行业
603989,其它行业
603997,汽车制造
603998,生物制药
605111,消费电子
605117,电气设备
605177,医药制造业
605288,电气机械和器材制造业
605358,消费电子
605388,酒、饮料和精制茶制造业
605488,橡胶和塑料制品业
688635,次新股
688712,次新股
688727,次新股
688759,次新股
688765,次新股
688781,次新股
688783,次新股
688785,次新股
688790,次新股
688795,次新股
688796,次新股
688797,次新股
688802,次新股
688805,次新股
688806,次新股
688807,次新股
688808,次新股
688809,次新股
688811,次新股
688813,次新股
688816,次新股
688818,次新股
688820,次新股
688825,次新股
688828,次新股
900901,其它行业
900902,其它行业
900903,其它行业
900904,其它行业
900905,其它行业
900906,其它行业
900907,其它行业
900908,其它行业
900909,其它行业
900910,其它行业
900911,其它行业
900912,其它行业
900913,其它行业
900914,其它行业
900915,其它行业
900916,其它行业
900917,其它行业
900918,其它行业
900919,其它行业
900920,其它行业
900921,其它行业
900922,其它行业
900923,其它行业
900924,其它行业
900925,其它行业
900926,其它行业
900927,其它行业
900928,其它行业
900929,其它行业
900930,其它行业
900932,其它行业
900933,其它行业
900934,其它行业
900935,其它行业
900936,其它行业
900937,其它行业
900938,其它行业
900939,其它行业
900940,其它行业
900941,其它行业
900942,其它行业
900943,其它行业
900945,其它行业
900946,其它行业
900947,其它行业
900948,其它行业
900951,其它行业
900952,其它行业
900953,其它行业
900955,其它行业
900956,其它行业
900957,其它行业
920003,次新股
920009,次新股
920011,次新股
920012,次新股
920015,次新股
920017,医药制造业
920018,次新股
920020,次新股
920022,次新股
920028,次新股
920035,次新股
920036,次新股
920038,次新股
920045,次新股
920046,电气机械和器材制造业
920047,医药制造业
920050,次新股
920055,次新股
920056,次新股
920065,次新股
920069,次新股
920072,次新股
920076,次新股
920078,次新股
920079,次新股
920080,次新股
920081,次新股
920083,次新股
920086,次新股
920091,次新股
920096,次新股
920100,次新股
920101,次新股
920112,次新股
920117,次新股
920119,次新股
920121,次新股
920124,次新股
920125,次新股
920126,次新股
920136,次新股
920156,次新股
920158,次新股
920159,次新股
920160,次新股
920161,次新股
920165,次新股
920166,次新股
920168,次新股
920176,次新股
920177,次新股
920178,次新股
920180,次新股
920181,次新股
920183,次新股
920186,次新股
920187,次新股
920188,次新股
920189,次新股
920191,次新股
920193,次新股
920200,次新股
920206,次新股
920211,次新股
920218,次新股
920220,次新股
920222,次新股
920238,次新股
920258,次新股
920735,医药制造业
